{
  "accuracy": 0.8416363636363636,
  "id_accuracy": 0.934,
  "oos_precision": 0.8930817610062893,
  "oos_recall": 0.426,
  "oos_f1": 0.5768449559918755,
  "latency_p50": 0.7701516151428223,
  "latency_p95": 0.7843971252441406,
  "latency_p99": 0.789254903793335,
  "llm_call_rate": 0.11381818181818182,
  "routing": {
    "total": 5500,
    "small_model": 0.7994545454545454,
    "direct_oos": 0.08672727272727272,
    "llm": 0.11381818181818182
  },
  "best_thresholds": {
    "tau_accept": 0.4,
    "tau_reject": 0.7,
    "llm_rate": 0.05161290322580645,
    "oos_f1": 0.7177033492822966
  }
}