{
  "accuracy": 0.7977653631284917,
  "id_accuracy": 0.9272727272727272,
  "oos_precision": 0.0,
  "oos_recall": 0.0,
  "oos_f1": 0.0,
  "latency_p50": 0.9992420673370361,
  "latency_p95": 1.0300315916538239,
  "latency_p99": 1.070801168680191,
  "llm_call_rate": 0.18100558659217877,
  "routing": {
    "total": 3580,
    "small_model": 0.8189944134078212,
    "direct_oos": 0.0,
    "llm": 0.18100558659217877
  },
  "routing_counts": {
    "small_model": 2932,
    "direct_oos": 0,
    "llm": 648
  },
  "llm_enabled": false,
  "stage1_metrics": {
    "accuracy": 0.7977653631284917,
    "id_accuracy": 0.9272727272727272,
    "oos_precision": 0.0,
    "oos_recall": 0.0,
    "oos_f1": 0.0
  },
  "stage2_proxy_metrics": {
    "accuracy": 0.7977653631284917,
    "id_accuracy": 0.9272727272727272,
    "oos_precision": 0.0,
    "oos_recall": 0.0,
    "oos_f1": 0.0,
    "latency_p50": 1.0074600577354431,
    "latency_p95": 1.3954751193523407,
    "latency_p99": 4.477865993976593,
    "llm_call_rate": 0.18100558659217877,
    "routing": {
      "total": 3580,
      "small_model": 0.8189944134078212,
      "direct_oos": 0.0,
      "llm": 0.18100558659217877
    },
    "routing_counts": {
      "small_model": 2932,
      "direct_oos": 0,
      "llm": 648
    },
    "llm_enabled": false
  },
  "final_stage": "stage2_proxy",
  "best_thresholds": {
    "alpha": 0.7,
    "tau_accept": 0.4,
    "tau_reject": 1.0,
    "delta": 1.1,
    "llm_rate": 0.1323943661971831,
    "metrics": {
      "accuracy": 0.8544600938967136,
      "id_accuracy": 0.9419689119170984,
      "oos_precision": 1.0,
      "oos_recall": 0.01,
      "oos_f1": 0.019801980198019802
    },
    "routing": {
      "total": 1065,
      "small_model": 0.8666666666666667,
      "direct_oos": 0.0009389671361502347,
      "llm": 0.1323943661971831
    },
    "temperature": 0.8755061030387878,
    "baseline_metrics": {
      "accuracy": 0.8535211267605634,
      "id_accuracy": 0.9419689119170984,
      "oos_precision": 0.0,
      "oos_recall": 0.0,
      "oos_f1": 0.0
    },
    "constraint_satisfied": true
  },
  "router_config": {
    "alpha": 0.7,
    "tau_accept": 0.4,
    "tau_reject": 1.0,
    "delta": 1.1,
    "temperature": 0.8755061030387878,
    "top_k": 3
  },
  "llm_accept_policy": "oos_only"
}