{
  "accuracy": 0.4921135646687697,
  "id_accuracy": 0.24257425742574257,
  "oos_precision": 0.4403292181069959,
  "oos_recall": 0.9304347826086956,
  "oos_f1": 0.5977653631284916,
  "latency_p50": 43.709203600883484,
  "latency_p95": 91.49876534938791,
  "latency_p99": 106.70779645442963,
  "llm_call_rate": 0.1861198738170347,
  "routing": {
    "total": 317,
    "small_model": 0.05993690851735016,
    "direct_oos": 0.7539432176656151,
    "llm": 0.1861198738170347
  },
  "routing_counts": {
    "small_model": 19,
    "direct_oos": 239,
    "llm": 59
  },
  "llm_enabled": true,
  "stage1_metrics": {
    "accuracy": 0.2807570977917981,
    "id_accuracy": 0.4405940594059406,
    "oos_precision": 0.0,
    "oos_recall": 0.0,
    "oos_f1": 0.0
  },
  "stage2_proxy_metrics": {
    "accuracy": 0.4889589905362776,
    "id_accuracy": 0.24257425742574257,
    "oos_precision": 0.4435146443514644,
    "oos_recall": 0.9217391304347826,
    "oos_f1": 0.5988700564971752,
    "latency_p50": 0.8097589015960693,
    "latency_p95": 1.811808347701986,
    "latency_p99": 4.660815000534058,
    "llm_call_rate": 0.1861198738170347,
    "routing": {
      "total": 317,
      "small_model": 0.05993690851735016,
      "direct_oos": 0.7539432176656151,
      "llm": 0.1861198738170347
    },
    "routing_counts": {
      "small_model": 19,
      "direct_oos": 239,
      "llm": 59
    },
    "llm_enabled": false
  },
  "final_stage": "stage3_llm",
  "best_thresholds": {
    "alpha": 0.7,
    "tau_accept": 0.4,
    "tau_reject": 0.7,
    "delta": 1.0,
    "llm_rate": 0.2375,
    "metrics": {
      "accuracy": 0.5625,
      "id_accuracy": 0.3137254901960784,
      "oos_precision": 0.5272727272727272,
      "oos_recall": 1.0,
      "oos_f1": 0.6904761904761905
    },
    "routing": {
      "total": 80,
      "small_model": 0.075,
      "direct_oos": 0.6875,
      "llm": 0.2375
    },
    "temperature": 0.6435767412185669,
    "baseline_metrics": {
      "accuracy": 0.35,
      "id_accuracy": 0.5490196078431373,
      "oos_precision": 0.0,
      "oos_recall": 0.0,
      "oos_f1": 0.0
    },
    "constraint_satisfied": true
  },
  "router_config": {
    "alpha": 0.7,
    "tau_accept": 0.4,
    "tau_reject": 0.7,
    "delta": 1.0,
    "temperature": 0.6435767412185669,
    "top_k": 3
  },
  "llm_accept_policy": "oos_only"
}