{
  "accuracy": 0.866,
  "id_accuracy": 0.9566666666666667,
  "oos_precision": 0.8962818003913894,
  "oos_recall": 0.458,
  "oos_f1": 0.6062210456651225,
  "latency_p50": 50.40927976369858,
  "latency_p95": 787.3944342136383,
  "latency_p99": 1030.856840312481,
  "llm_call_rate": 0.11381818181818182,
  "routing": {
    "total": 5500,
    "small_model": 0.7994545454545454,
    "direct_oos": 0.08672727272727272,
    "llm": 0.11381818181818182
  },
  "best_thresholds": {
    "tau_accept": 0.4,
    "tau_reject": 0.7,
    "llm_rate": 0.05161290322580645,
    "oos_f1": 0.7177033492822966
  }
}