{
  "accuracy": 0.8443333333333334,
  "id_accuracy": 0.9088888888888889,
  "oos_precision": 0.7870967741935484,
  "oos_recall": 0.6506666666666666,
  "oos_f1": 0.7124087591240876,
  "latency_p50": 67.6078051328659,
  "latency_p95": 117.78094619512558,
  "latency_p99": 134.87345725297928,
  "llm_call_rate": 0.15533333333333332,
  "routing": {
    "total": 3000,
    "small_model": 0.7226666666666667,
    "direct_oos": 0.122,
    "llm": 0.15533333333333332
  },
  "routing_counts": {
    "small_model": 2168,
    "direct_oos": 366,
    "llm": 466
  },
  "llm_enabled": true,
  "stage1_metrics": {
    "accuracy": 0.691,
    "id_accuracy": 0.9213333333333333,
    "oos_precision": 0.0,
    "oos_recall": 0.0,
    "oos_f1": 0.0
  },
  "stage2_proxy_metrics": {
    "accuracy": 0.7756666666666666,
    "id_accuracy": 0.9133333333333333,
    "oos_precision": 0.7431693989071039,
    "oos_recall": 0.3626666666666667,
    "oos_f1": 0.4874551971326165,
    "latency_p50": 0.4309713840484619,
    "latency_p95": 0.45374780893325806,
    "latency_p99": 3.248654305934906,
    "llm_call_rate": 0.15533333333333332,
    "routing": {
      "total": 3000,
      "small_model": 0.7226666666666667,
      "direct_oos": 0.122,
      "llm": 0.15533333333333332
    },
    "routing_counts": {
      "small_model": 2168,
      "direct_oos": 366,
      "llm": 466
    },
    "llm_enabled": false
  },
  "final_stage": "stage3_llm",
  "best_thresholds": {
    "alpha": 0.7,
    "tau_accept": 0.4,
    "tau_reject": 0.7,
    "delta": 1.0,
    "llm_rate": 0.147,
    "metrics": {
      "accuracy": 0.7756666666666666,
      "id_accuracy": 0.9151111111111111,
      "oos_precision": 0.7403314917127072,
      "oos_recall": 0.35733333333333334,
      "oos_f1": 0.48201438848920863
    },
    "routing": {
      "total": 3000,
      "small_model": 0.7323333333333333,
      "direct_oos": 0.12066666666666667,
      "llm": 0.147
    },
    "temperature": 1.896174669265747,
    "baseline_metrics": {
      "accuracy": 0.696,
      "id_accuracy": 0.928,
      "oos_precision": 0.0,
      "oos_recall": 0.0,
      "oos_f1": 0.0
    },
    "constraint_satisfied": true
  },
  "router_config": {
    "alpha": 0.7,
    "tau_accept": 0.4,
    "tau_reject": 0.7,
    "delta": 1.0,
    "temperature": 1.896174669265747,
    "top_k": 3
  },
  "llm_accept_policy": "oos_only"
}